<?xml version="1.0" encoding="UTF-8"?>
<!--
  ~ Copyright (c) 2021, WSO2 Inc. (http://www.wso2.com). All Rights Reserved.
  ~
  ~ This software is the property of WSO2 Inc. and its suppliers, if any.
  ~ Dissemination of any information or reproduction of any material contained
  ~ herein is strictly forbidden, unless permitted by WSO2 in accordance with
  ~ the WSO2 Commercial License available at http://wso2.com/licenses. For specific
  ~ language governing the permissions and limitations under this license,
  ~ please see the license as well as any agreement you’ve entered into with
  ~ WSO2 governing the purchase of this software and any associated services.
  -->

<FindBugsFilter>
    <Match>
        <Class name="com.wso2.openbanking.accelerator.authentication.webapp.OBConsentServlet"/>
        <Bug pattern="RCN_REDUNDANT_NULLCHECK_WOULD_HAVE_BEEN_A_NPE"/>
    </Match>
    <Match>
        <Class name="com.wso2.openbanking.accelerator.authentication.webapp.OBConsentConfirmServlet"/>
        <Bug pattern="RCN_REDUNDANT_NULLCHECK_WOULD_HAVE_BEEN_A_NPE"/>
    </Match>
    <Match>
        <Class name="com.wso2.openbanking.accelerator.authentication.webapp.OBConsentServlet"/>
        <Bug pattern="MSF_MUTABLE_SERVLET_FIELD"/>
    </Match>
    <Match>
        <Class name="com.wso2.openbanking.accelerator.authentication.webapp.OBConsentConfirmServlet"/>
        <Bug pattern="MSF_MUTABLE_SERVLET_FIELD"/>
    </Match>
    <Match>
        <Class name="com.wso2.openbanking.accelerator.authentication.webapp.OBConsentServlet"/>
        <Bug pattern="ST_WRITE_TO_STATIC_FROM_INSTANCE_METHOD"/>
    </Match>
    <Match>
        <Class name="com.wso2.openbanking.accelerator.authentication.webapp.OBConsentConfirmServlet"/>
        <Bug pattern="ST_WRITE_TO_STATIC_FROM_INSTANCE_METHOD"/>
    </Match>
</FindBugsFilter>
