<!--
  ~ Copyright (c) 2021, WSO2 Inc. (http://www.wso2.com). All Rights Reserved.
  ~
  ~ This software is the property of WSO2 Inc. and its suppliers, if any.
  ~ Dissemination of any information or reproduction of any material contained
  ~ herein is strictly forbidden, unless permitted by WSO2 in accordance with
  ~ the WSO2 Commercial License available at http://wso2.com/licenses. For specific
  ~ language governing the permissions and limitations under this license,
  ~ please see the license as well as any agreement you’ve entered into with
  ~ WSO2 governing the purchase of this software and any associated services.
  ~
  -->

<sequence xmlns="http://ws.apache.org/ns/synapse" name="accounts-dynamic-endpoint-insequence">
    <property name="endpointURI" expression="get-property('To')"/>
    
    <!--Appending Basic Auth for Consent Management APIs -->
    <property name="Authorization" scope="transport" action="remove"/>
    <header name="Authorization" value="Basic YWRtaW5Ad3NvMi5jb206d3NvMjEyMw==" scope="transport"/>
    
    <filter regex=".*\/account-access-consents.*" source="$ctx:endpointURI">
        <then>
            <header name="To" value="https://localhost:9446/api/openbanking/consent/manage" />
            <header name="x-wso2-client-id" expression="get-property('api.ut.consumerKey')" scope="transport"/>
        </then>
        <else>
            <header name="To" value="https://localhost:9443/api/openbanking/backend/services/accounts/accountservice" />
        </else>
    </filter>
</sequence>
