<?xml version="1.0" encoding="UTF-8"?>
<!--
  ~ Copyright (c) 2021, WSO2 Inc. (http://www.wso2.com). All Rights Reserved.
  ~
  ~ This software is the property of WSO2 Inc. and its suppliers, if any.
  ~ Dissemination of any information or reproduction of any material contained
  ~ herein is strictly forbidden, unless permitted by WSO2 in accordance with
  ~ the WSO2 Commercial License available at http://wso2.com/licenses. For specific
  ~ language governing the permissions and limitations under this license,
  ~ please see the license as well as any agreement you’ve entered into with
  ~ WSO2 governing the purchase of this software and any associated services.
  ~
  -->

<Server xmlns="http://wso2.org/projects/carbon/open-banking.xml">
    <Gateway>
        <RequestRouter>com.wso2.openbanking.accelerator.gateway.executor.core.DefaultRequestRouter</RequestRouter>
        <!-- Custom Throttle Data publisher -->
        <CustomThrottleDataPublisher>com.wso2.openbanking.sample.throttling.publisher.SampleThrottlingDataPublisher</CustomThrottleDataPublisher>
        <OpenBankingGatewayExecutors>

        </OpenBankingGatewayExecutors>
        <ConsentValidationEndpoint>https://localhost:9446/api/openbanking/consent/validate</ConsentValidationEndpoint>
        <Cache>
            <GatewayCache>
                <CacheAccessExpiry>60</CacheAccessExpiry>
                <CacheModifiedExpiry>60</CacheModifiedExpiry>
            </GatewayCache>
        </Cache>
    </Gateway>
    <PublisherURL>https://localhost:9443</PublisherURL>
    <APIMAnalytics>
        <Enabled>false</Enabled>
    </APIMAnalytics>
    <DataPublishing>
        <Enabled>true</Enabled>
        <Username>admin</Username>
        <Password>admin</Password>
        <ServerURL>{tcp://localhost:7612}</ServerURL>
        <AuthURL></AuthURL>
        <!-- Allowed values: Thrift -->
        <Protocol>Thrift</Protocol>
        <PoolSize>10</PoolSize>
        <QueueSize>32768</QueueSize>
        <WorkerThreadCount>10</WorkerThreadCount>
        <PoolWaitTimeMs>60000</PoolWaitTimeMs>
        <Thrift>
            <PublishingTimeout>2000</PublishingTimeout>
            <Streams>
                <APIInputStream>
                    <Attribute name="consentId" priority="1"/>
                    <Attribute name="consumerId" priority="2"/>
                    <Attribute name="clientId" priority="3"/>
                    <Attribute name="userAgent" priority="4"/>
                    <Attribute name="statusCode" priority="5"/>
                    <Attribute name="httpMethod" priority="6"/>
                    <Attribute name="responsePayloadSize" priority="7"/>
                    <Attribute name="electedResource" priority="8"/>
                    <Attribute name="apiName" priority="9"/>
                    <Attribute name="apiSpecVersion" priority="10"/>
                    <Attribute name="timestamp" priority="11"/>
                    <Attribute name="messageId" priority="12"/>
                </APIInputStream>
                <AuthenticationInputStream>
                    <Attribute name="userId" priority="1"/>
                    <Attribute name="authenticationStep" priority="2"/>
                    <Attribute name="authenticationStatus" priority="3"/>
                    <Attribute name="authenticationApproach" priority="4"/>
                    <Attribute name="psuChannel" priority="5"/>
                    <Attribute name="timestamp" priority="6"/>
                </AuthenticationInputStream>
            </Streams>
        </Thrift>
    </DataPublishing>
    <DCR>
        <APIMRESTEndPoints>
            <AppCreation>api/am/devportal/v2/applications</AppCreation>
            <KeyGeneration>api/am/devportal/v2/applications/application-id/map-keys</KeyGeneration>
            <RetrieveAPIS>api/am/devportal/v2/apis</RetrieveAPIS>
            <SubscribeAPIs>api/am/devportal/v2/subscriptions/multiple</SubscribeAPIs>
        </APIMRESTEndPoints>
        <TokenEndpoint>https://localhost:9446/oauth2/token</TokenEndpoint>
        <RegulatoryAPINames>
            <API></API>
        </RegulatoryAPINames>
        <JWKSEndpointName>jwks_uri</JWKSEndpointName>
        <JWKS-Retriever>
            <ConnectionTimeout>0</ConnectionTimeout>
            <ReadTimeout>0</ReadTimeout>
        </JWKS-Retriever>
    </DCR>
</Server>
